tract_id,population,workers,businesses,total_businesses,population_year,employment_business_year,region_code
23080510010001,498,18.0,8.0,18,2023,2023,23080
23080510010002,555,23.0,9.0,24,2023,2023,23080
23080510010003,425,66.0,18.0,31,2023,2023,23080
23080510020001,613,49.0,25.0,33,2023,2023,23080
23080510020002,421,121.0,92.0,102,2023,2023,23080
23080510020003,603,7.0,6.0,16,2023,2023,23080
23080510020004,490,75.0,16.0,31,2023,2023,23080
23080510020005,540,11.0,10.0,19,2023,2023,23080
23080510020006,451,486.0,140.0,151,2023,2023,23080
23080510020007,470,131.0,9.0,23,2023,2023,23080
23080510020008,652,329.0,75.0,97,2023,2023,23080
23080510020009,440,7.0,7.0,13,2023,2023,23080
23080510020010,521,22.0,16.0,30,2023,2023,23080
23080510020011,450,56.0,6.0,23,2023,2023,23080
23080510020012,472,6.0,5.0,15,2023,2023,23080
23080510020013,513,54.0,22.0,37,2023,2023,23080
23080510020014,559,5.0,5.0,16,2023,2023,23080
23080510020015,581,11.0,8.0,26,2023,2023,23080
23080510020016,440,120.0,10.0,25,2023,2023,23080
23080510030001,560,785.0,47.0,59,2023,2023,23080
23080510030002,592,1041.0,258.0,271,2023,2023,23080
23080510030003,444,47.0,9.0,19,2023,2023,23080
23080510030004,427,32.0,9.0,25,2023,2023,23080
23080510030005,482,94.0,33.0,38,2023,2023,23080
23080510030006,510,7.0,7.0,17,2023,2023,23080
23080510030007,540,5.0,5.0,10,2023,2023,23080
23080510030101,431,11.0,0.0,6,2023,2023,23080
23080510030102,326,0.0,0.0,4,2023,2023,23080
23080510030201,715,18.0,5.0,19,2023,2023,23080
23080510030301,505,5.0,0.0,13,2023,2023,23080
23080510030401,400,7.0,7.0,12,2023,2023,23080
23080510030402,357,15.0,0.0,17,2023,2023,23080
23080510030501,377,12.0,0.0,2,2023,2023,23080
23080510030502,591,9.0,9.0,17,2023,2023,23080
23080510030503,419,9.0,0.0,5,2023,2023,23080
23080510030504,534,28.0,17.0,25,2023,2023,23080
23080510030505,456,10.0,0.0,8,2023,2023,23080
23080510030701,516,17.0,9.0,21,2023,2023,23080
23080510030702,484,6.0,6.0,9,2023,2023,23080
23080510030703,621,16.0,10.0,20,2023,2023,23080
23080510030704,497,15.0,6.0,15,2023,2023,23080
23080510040001,471,1338.0,166.0,174,2023,2023,23080
23080510040101,334,0.0,0.0,2,2023,2023,23080
23080510040102,487,0.0,0.0,1,2023,2023,23080
23080510040103,420,11.0,0.0,3,2023,2023,23080
23080510040104,320,19.0,0.0,3,2023,2023,23080
23080510040105,395,0.0,0.0,1,2023,2023,23080
23080510040106,344,0.0,0.0,2,2023,2023,23080
23080510040107,356,0.0,0.0,2,2023,2023,23080
23080510040108,402,0.0,0.0,3,2023,2023,23080
23080510040109,481,62.0,13.0,21,2023,2023,23080
23080510040110,433,0.0,0.0,2,2023,2023,23080
23080510040111,376,0.0,0.0,3,2023,2023,23080
23080510040112,334,0.0,0.0,1,2023,2023,23080
23080510040201,426,66.0,13.0,18,2023,2023,23080
23080510040202,474,0.0,0.0,2,2023,2023,23080
23080510040203,481,0.0,0.0,4,2023,2023,23080
23080510040204,589,0.0,0.0,3,2023,2023,23080
23080510040205,370,0.0,0.0,2,2023,2023,23080
23080510040206,334,0.0,0.0,4,2023,2023,23080
23080510040207,400,0.0,0.0,6,2023,2023,23080
23080510040208,557,0.0,0.0,5,2023,2023,23080
23080510040209,584,86.0,10.0,22,2023,2023,23080
23080510040210,382,0.0,0.0,5,2023,2023,23080
23080510040211,456,0.0,0.0,5,2023,2023,23080
23080510040212,474,0.0,0.0,2,2023,2023,23080
23080510050001,464,189.0,73.0,87,2023,2023,23080
23080510050002,517,952.0,265.0,274,2023,2023,23080
23080510050003,439,153.0,11.0,19,2023,2023,23080
23080510050004,518,8.0,8.0,24,2023,2023,23080
23080510050005,446,140.0,65.0,84,2023,2023,23080
23080510050006,423,136.0,17.0,33,2023,2023,23080
23080510050007,623,39.0,15.0,33,2023,2023,23080
23080510050008,520,14.0,8.0,19,2023,2023,23080
23080510050009,546,114.0,5.0,13,2023,2023,23080
23080510050010,386,52.0,27.0,41,2023,2023,23080
23080510050011,606,7.0,7.0,16,2023,2023,23080
23080510050101,472,9.0,9.0,12,2023,2023,23080
23080510050102,606,232.0,8.0,23,2023,2023,23080
23080510050103,459,41.0,9.0,14,2023,2023,23080
23080510050104,404,14.0,7.0,13,2023,2023,23080
23080510050201,455,36.0,6.0,28,2023,2023,23080
23080510050202,481,0.0,0.0,8,2023,2023,23080
23080510050301,480,7.0,0.0,17,2023,2023,23080
23080510050302,394,29.0,5.0,25,2023,2023,23080
23080510050401,445,18.0,7.0,11,2023,2023,23080
23080510050402,494,14.0,7.0,19,2023,2023,23080
23080510050501,469,9.0,9.0,15,2023,2023,23080
23080510050502,278,0.0,0.0,6,2023,2023,23080
23080510050601,793,18.0,5.0,14,2023,2023,23080
23080510060001,436,964.0,238.0,253,2023,2023,23080
23080510060002,438,85.0,15.0,28,2023,2023,23080
23080510060003,414,2362.0,270.0,279,2023,2023,23080
23080510060004,403,7273.0,548.0,563,2023,2023,23080
23080510060005,535,77.0,21.0,34,2023,2023,23080
23080510060006,473,38.0,5.0,12,2023,2023,23080
23080510060007,570,54.0,20.0,35,2023,2023,23080
23080510060008,509,51.0,0.0,13,2023,2023,23080
23080510060009,490,48.0,5.0,17,2023,2023,23080
23080510060010,494,45.0,14.0,29,2023,2023,23080
23080510060011,474,56.0,0.0,9,2023,2023,23080
23080510060012,494,8.0,8.0,18,2023,2023,23080
23080510060101,795,24.0,18.0,34,2023,2023,23080
23080510060201,451,931.0,925.0,938,2023,2023,23080
23080510060202,603,7.0,7.0,23,2023,2023,23080
23080510060203,539,0.0,0.0,9,2023,2023,23080
23080510060301,508,20.0,0.0,7,2023,2023,23080
23080510060302,453,9.0,0.0,11,2023,2023,23080
23080510060401,558,31.0,12.0,19,2023,2023,23080
23080510060402,563,0.0,0.0,11,2023,2023,23080
23080510060403,445,0.0,0.0,7,2023,2023,23080
23080531010001,144,166.0,9.0,25,2023,2023,23080
23080531020001,543,112.0,16.0,37,2023,2023,23080
23080531020002,592,1324.0,35.0,54,2023,2023,23080
23080531020003,560,1452.0,114.0,128,2023,2023,23080
23080531020004,511,14.0,5.0,19,2023,2023,23080
23080531020005,429,355.0,95.0,103,2023,2023,23080
23080531020006,541,2380.0,41.0,58,2023,2023,23080
23080531020007,530,263.0,13.0,29,2023,2023,23080
23080531020008,481,7.0,7.0,16,2023,2023,23080
23080531020009,534,150.0,54.0,72,2023,2023,23080
23080531020010,561,88.0,19.0,37,2023,2023,23080
23080531020011,578,359.0,7.0,18,2023,2023,23080
23080531020012,482,187.0,60.0,81,2023,2023,23080
23080531020013,489,50.0,5.0,9,2023,2023,23080
23080531020014,587,220.0,62.0,72,2023,2023,23080
23080531020015,585,145.0,54.0,70,2023,2023,23080
23080531020016,462,0.0,0.0,2,2023,2023,23080
23080531020017,625,337.0,32.0,46,2023,2023,23080
23080531020018,488,51.0,21.0,32,2023,2023,23080
23080531020101,445,8.0,0.0,9,2023,2023,23080
23080531020201,522,5.0,0.0,10,2023,2023,23080
23080531020202,510,0.0,0.0,4,2023,2023,23080
23080531020203,519,0.0,0.0,3,2023,2023,23080
23080531020204,587,9.0,0.0,5,2023,2023,23080
23080531020205,365,44.0,13.0,27,2023,2023,23080
23080531020401,678,9.0,0.0,10,2023,2023,23080
23080531020501,543,12.0,6.0,12,2023,2023,23080
23080531020502,308,39.0,0.0,12,2023,2023,23080
23080531020701,854,20.0,6.0,14,2023,2023,23080
23080531020801,617,12.0,5.0,13,2023,2023,23080
23080531030001,642,340.0,39.0,60,2023,2023,23080
23080531040001,485,164.0,63.0,74,2023,2023,23080
23080531040002,613,14.0,6.0,18,2023,2023,23080
23080531040003,527,327.0,33.0,40,2023,2023,23080
23080531040004,501,14.0,14.0,19,2023,2023,23080
23080531040005,463,769.0,119.0,134,2023,2023,23080
23080531040006,563,2053.0,970.0,974,2023,2023,23080
23080531040007,542,236.0,86.0,100,2023,2023,23080
23080531040008,513,1052.0,231.0,244,2023,2023,23080
23080531040009,612,262.0,82.0,94,2023,2023,23080
23080531040010,464,12.0,0.0,10,2023,2023,23080
23080531040011,611,260.0,55.0,76,2023,2023,23080
23080531040012,394,140.0,46.0,69,2023,2023,23080
23080531040013,502,153.0,52.0,61,2023,2023,23080
23080531040014,501,197.0,5.0,19,2023,2023,23080
23080531040015,569,404.0,38.0,52,2023,2023,23080
23080531040016,594,85.0,17.0,28,2023,2023,23080
23080531040017,501,429.0,126.0,135,2023,2023,23080
23080531040018,579,63.0,11.0,27,2023,2023,23080
23080531040019,575,44.0,33.0,45,2023,2023,23080
23080531040020,517,64.0,44.0,51,2023,2023,23080
23080531040021,582,175.0,14.0,29,2023,2023,23080
23080531040022,449,2951.0,187.0,194,2023,2023,23080
23080531040023,614,116.0,65.0,88,2023,2023,23080
23080531040024,513,74.0,5.0,12,2023,2023,23080
23080531040101,497,25.0,7.0,19,2023,2023,23080
23080531040201,359,15.0,5.0,15,2023,2023,23080
23080531040301,668,61.0,13.0,25,2023,2023,23080
23080531040302,446,0.0,0.0,9,2023,2023,23080
23080531040401,504,9.0,0.0,10,2023,2023,23080
23080531040402,505,42.0,11.0,30,2023,2023,23080
23080531040601,497,0.0,0.0,6,2023,2023,23080
23080531040701,646,35.0,9.0,30,2023,2023,23080
23080531040702,544,19.0,0.0,10,2023,2023,23080
23080531040703,425,9.0,9.0,13,2023,2023,23080
23080531040704,607,0.0,0.0,7,2023,2023,23080
23080531040705,448,0.0,0.0,7,2023,2023,23080
23080531040801,615,14.0,12.0,28,2023,2023,23080
23080531040802,442,10.0,8.0,13,2023,2023,23080
23080531040803,543,15.0,0.0,10,2023,2023,23080
23080531041001,476,0.0,0.0,9,2023,2023,23080
23080531041002,608,22.0,11.0,25,2023,2023,23080
23080541010001,496,300.0,105.0,122,2023,2023,23080
23080541010003,528,2520.0,594.0,596,2023,2023,23080
23080541010004,410,234.0,67.0,85,2023,2023,23080
23080541010005,251,17.0,0.0,3,2023,2023,23080
23080541010101,465,0.0,0.0,10,2023,2023,23080
23080541010102,436,6.0,6.0,9,2023,2023,23080
23080541010103,660,27.0,6.0,12,2023,2023,23080
23080541010201,542,13.0,5.0,11,2023,2023,23080
23080541010202,654,37.0,6.0,25,2023,2023,23080
23080541010203,565,16.0,9.0,15,2023,2023,23080
23080541010204,497,5.0,5.0,10,2023,2023,23080
23080541010205,563,12.0,7.0,17,2023,2023,23080
23080541010206,520,6.0,0.0,7,2023,2023,23080
23080541010301,393,6.0,6.0,10,2023,2023,23080
23080541010302,587,18.0,7.0,14,2023,2023,23080
23080541010303,372,5.0,5.0,7,2023,2023,23080
23080541010304,584,38.0,10.0,25,2023,2023,23080
23080541010305,608,8.0,7.0,20,2023,2023,23080
23080541010401,482,18.0,0.0,9,2023,2023,23080
23080541010402,503,7.0,7.0,12,2023,2023,23080
23080541010403,524,16.0,6.0,9,2023,2023,23080
23080541010404,481,0.0,0.0,3,2023,2023,23080
23080541010405,616,14.0,6.0,17,2023,2023,23080
23080541010501,618,14.0,0.0,13,2023,2023,23080
23080541010502,609,25.0,6.0,19,2023,2023,23080
23080541010503,623,28.0,10.0,22,2023,2023,23080
23080541010504,586,52.0,37.0,45,2023,2023,23080
23080541010505,617,0.0,0.0,15,2023,2023,23080
23080541010506,561,0.0,0.0,3,2023,2023,23080
23080541010507,579,13.0,7.0,14,2023,2023,23080
23080541010508,581,0.0,0.0,6,2023,2023,23080
23080541010601,546,32.0,5.0,14,2023,2023,23080
23080541010602,615,21.0,11.0,16,2023,2023,23080
23080541010603,560,566.0,126.0,147,2023,2023,23080
23080541010604,524,8.0,8.0,13,2023,2023,23080
23080541010605,550,22.0,14.0,18,2023,2023,23080
23080541010801,0,0.0,0.0,0,2023,2023,23080
23080541010802,0,0.0,0.0,1,2023,2023,23080
23080541020001,522,157.0,75.0,84,2023,2023,23080
23080541020002,412,435.0,143.0,155,2023,2023,23080
23080541020003,439,125.0,35.0,50,2023,2023,23080
23080541020004,445,402.0,150.0,158,2023,2023,23080
23080541020005,414,61.0,31.0,43,2023,2023,23080
23080541020006,432,606.0,11.0,31,2023,2023,23080
23080541020007,567,46.0,11.0,24,2023,2023,23080
23080541020008,462,69.0,0.0,15,2023,2023,23080
23080541020009,513,219.0,36.0,50,2023,2023,23080
23080541020010,462,21.0,7.0,18,2023,2023,23080
23080541020011,643,182.0,110.0,119,2023,2023,23080
23080541020012,558,35.0,15.0,25,2023,2023,23080
23080541020013,475,0.0,0.0,15,2023,2023,23080
23080541020014,433,77.0,46.0,55,2023,2023,23080
23080541020015,503,81.0,50.0,61,2023,2023,23080
23080541020016,435,280.0,111.0,119,2023,2023,23080
23080541020101,513,0.0,0.0,2,2023,2023,23080
23080541020102,497,5.0,0.0,6,2023,2023,23080
23080541020103,502,136.0,30.0,44,2023,2023,23080
23080541020104,399,26.0,6.0,18,2023,2023,23080
23080541020105,379,0.0,0.0,2,2023,2023,23080
23080541020201,645,13.0,13.0,17,2023,2023,23080
23080541020202,636,101.0,43.0,49,2023,2023,23080
23080541020203,659,15.0,7.0,14,2023,2023,23080
23080541020204,759,12.0,7.0,18,2023,2023,23080
23080541020205,618,22.0,6.0,10,2023,2023,23080
23080541020206,581,27.0,7.0,18,2023,2023,23080
23080541020207,696,7.0,7.0,9,2023,2023,23080
23080541020208,524,6.0,6.0,10,2023,2023,23080
23080541020209,610,48.0,13.0,24,2023,2023,23080
23080541020210,683,9.0,0.0,10,2023,2023,23080
23080541020211,668,88.0,31.0,41,2023,2023,23080
23080541020301,701,0.0,0.0,4,2023,2023,23080
23080541020302,951,142.0,44.0,51,2023,2023,23080
23080541020303,633,0.0,0.0,3,2023,2023,23080
23080541020304,700,8.0,0.0,4,2023,2023,23080
23080541020305,704,0.0,0.0,4,2023,2023,23080
23080550010001,582,145.0,16.0,31,2023,2023,23080
23080550010002,370,206.0,22.0,46,2023,2023,23080
23080550010101,573,21.0,0.0,7,2023,2023,23080
23080550010102,387,15.0,0.0,5,2023,2023,23080
23080550010103,404,7.0,0.0,4,2023,2023,23080
23080550010104,585,6.0,0.0,5,2023,2023,23080
23080550010105,585,0.0,0.0,1,2023,2023,23080
23080550010106,552,0.0,0.0,6,2023,2023,23080
23080550010107,512,110.0,31.0,38,2023,2023,23080
23080550010108,560,7.0,0.0,8,2023,2023,23080
23080550010109,611,0.0,0.0,2,2023,2023,23080
23080550010201,686,0.0,0.0,10,2023,2023,23080
23080550010202,613,21.0,0.0,6,2023,2023,23080
23080550010203,641,24.0,11.0,18,2023,2023,23080
23080550010204,495,0.0,0.0,2,2023,2023,23080
23080550010205,626,29.0,0.0,15,2023,2023,23080
23080550010301,537,16.0,0.0,4,2023,2023,23080
23080550010302,573,22.0,0.0,14,2023,2023,23080
23080550010303,504,8.0,0.0,2,2023,2023,23080
23080550010304,544,0.0,0.0,2,2023,2023,23080
23080550010305,586,7.0,0.0,7,2023,2023,23080
23080550010501,738,21.0,5.0,19,2023,2023,23080
23080550010502,545,6.0,6.0,11,2023,2023,23080
23080550010601,430,6.0,0.0,9,2023,2023,23080
23080550010701,453,5.0,5.0,10,2023,2023,23080
23080550010702,422,5.0,5.0,9,2023,2023,23080
23080550010703,490,5.0,5.0,11,2023,2023,23080
23080550010704,507,55.0,7.0,31,2023,2023,23080
23080550010705,445,18.0,8.0,20,2023,2023,23080
23080550010801,432,0.0,0.0,9,2023,2023,23080
23080550010802,493,0.0,0.0,10,2023,2023,23080
23080560010001,562,5.0,0.0,5,2023,2023,23080
23080560010002,426,85.0,12.0,31,2023,2023,23080
23080560010003,455,60.0,14.0,28,2023,2023,23080
23080560010004,508,163.0,6.0,18,2023,2023,23080
23080560010005,554,12.0,0.0,9,2023,2023,23080
23080560010006,370,0.0,0.0,8,2023,2023,23080
23080560010007,446,6.0,6.0,15,2023,2023,23080
23080560010008,400,110.0,0.0,9,2023,2023,23080
23080560010009,615,54.0,24.0,27,2023,2023,23080
23080560010010,2297,111.0,70.0,86,2023,2023,23080
23080560010101,699,8.0,8.0,14,2023,2023,23080
23080560010102,531,0.0,0.0,15,2023,2023,23080
23080560010103,606,44.0,14.0,31,2023,2023,23080
23080560010201,343,0.0,0.0,8,2023,2023,23080
23080580010001,419,391.0,193.0,200,2023,2023,23080
23080580010002,532,0.0,0.0,14,2023,2023,23080
23080580010003,497,29.0,8.0,21,2023,2023,23080
23080580010004,541,201.0,57.0,65,2023,2023,23080
23080580010005,484,65.0,21.0,38,2023,2023,23080
23080580010006,499,202.0,84.0,98,2023,2023,23080
23080580010007,592,371.0,100.0,114,2023,2023,23080
23080580010008,610,62.0,27.0,36,2023,2023,23080
23080580010009,594,220.0,100.0,113,2023,2023,23080
23080580010010,452,136.0,56.0,66,2023,2023,23080
23080580010011,485,122.0,34.0,51,2023,2023,23080
23080580010012,638,63.0,40.0,54,2023,2023,23080
23080580010013,413,260.0,34.0,44,2023,2023,23080
23080580010014,469,194.0,14.0,32,2023,2023,23080
23080580010015,405,121.0,26.0,39,2023,2023,23080
23080580010016,436,33.0,5.0,18,2023,2023,23080
23080580010017,601,116.0,12.0,29,2023,2023,23080
23080580010018,634,45.0,16.0,36,2023,2023,23080
23080580010019,625,110.0,44.0,58,2023,2023,23080
23080580010020,585,250.0,36.0,56,2023,2023,23080
23080580010021,438,133.0,79.0,93,2023,2023,23080
23080580010022,469,23.0,17.0,30,2023,2023,23080
23080580010023,480,430.0,149.0,170,2023,2023,23080
23080580010024,647,31.0,16.0,29,2023,2023,23080
23080580010025,749,349.0,60.0,71,2023,2023,23080
23080580010026,517,43.0,18.0,35,2023,2023,23080
23080580010027,439,300.0,158.0,169,2023,2023,23080
23080580010028,464,36.0,0.0,8,2023,2023,23080
23080580010029,614,26.0,18.0,24,2023,2023,23080
23080580010030,574,227.0,19.0,32,2023,2023,23080
23080580010031,446,32.0,24.0,30,2023,2023,23080
23080580010101,331,6.0,0.0,9,2023,2023,23080
23080580010201,648,8.0,0.0,16,2023,2023,23080
23080580010301,492,0.0,0.0,11,2023,2023,23080
23080580010302,483,15.0,5.0,16,2023,2023,23080
23080580010303,557,0.0,0.0,8,2023,2023,23080
23080580010304,585,24.0,10.0,21,2023,2023,23080
23080580011901,333,82.0,0.0,14,2023,2023,23080
23080580012101,471,33.0,10.0,22,2023,2023,23080
23080580012301,393,5.0,0.0,9,2023,2023,23080
23080580013701,475,12.0,5.0,16,2023,2023,23080
23080590010001,504,2417.0,585.0,602,2023,2023,23080
23080590010002,387,124.0,40.0,51,2023,2023,23080
23080590010003,427,94.0,49.0,54,2023,2023,23080
23080590010004,436,9108.0,1444.0,1450,2023,2023,23080
23080590010005,395,23.0,0.0,13,2023,2023,23080
23080590010006,383,74.0,34.0,43,2023,2023,23080
23080590010007,375,197.0,115.0,127,2023,2023,23080
23080590010008,402,75.0,51.0,58,2023,2023,23080
23080590010009,376,82.0,25.0,36,2023,2023,23080
23080590010010,619,37.0,10.0,23,2023,2023,23080
23080590010011,373,226.0,74.0,89,2023,2023,23080
23080590010012,71,21.0,12.0,14,2023,2023,23080
23080590010101,358,16.0,0.0,11,2023,2023,23080
23080590010102,437,0.0,0.0,4,2023,2023,23080
23080590010103,491,0.0,0.0,2,2023,2023,23080
23080590010201,405,0.0,0.0,11,2023,2023,23080
23080590010202,421,5.0,0.0,8,2023,2023,23080
23080590010301,502,17.0,6.0,16,2023,2023,23080
23080590010302,588,12.0,0.0,10,2023,2023,23080
23080590010303,469,16.0,5.0,11,2023,2023,23080
23080590010401,394,10.0,8.0,14,2023,2023,23080
23080590020001,453,166.0,77.0,92,2023,2023,23080
23080590020002,551,156.0,59.0,67,2023,2023,23080
23080590020003,426,347.0,217.0,228,2023,2023,23080
23080590020004,426,95.0,36.0,46,2023,2023,23080
23080590020005,549,237.0,56.0,71,2023,2023,23080
23080590020006,412,174.0,76.0,86,2023,2023,23080
23080590020007,583,61.0,37.0,41,2023,2023,23080
23080590020008,501,241.0,64.0,77,2023,2023,23080
23080590020009,414,131.0,67.0,78,2023,2023,23080
23080600010001,631,46.0,34.0,47,2023,2023,23080
23080600010002,561,46.0,28.0,41,2023,2023,23080
23080600010003,616,156.0,8.0,20,2023,2023,23080
23080600010004,566,49.0,20.0,34,2023,2023,23080
23080600010005,616,7.0,7.0,14,2023,2023,23080
23080600010006,500,0.0,0.0,9,2023,2023,23080
23080600010007,486,35.0,11.0,23,2023,2023,23080
23080600010008,499,8.0,0.0,18,2023,2023,23080
23080600010009,421,27.0,12.0,20,2023,2023,23080
23080600010010,543,212.0,22.0,36,2023,2023,23080
23080600010011,603,15.0,15.0,23,2023,2023,23080
23080600010012,594,157.0,22.0,41,2023,2023,23080
23080600010013,405,154.0,74.0,83,2023,2023,23080
23080600010014,428,143.0,15.0,30,2023,2023,23080
23080600010015,457,0.0,0.0,9,2023,2023,23080
23080600010016,433,20.0,6.0,17,2023,2023,23080
23080600010017,462,123.0,28.0,35,2023,2023,23080
23080600010018,611,37.0,27.0,33,2023,2023,23080
23080600010019,486,30.0,5.0,17,2023,2023,23080
23080600010401,658,5.0,0.0,19,2023,2023,23080
23080600010501,319,5.0,0.0,10,2023,2023,23080
23080600010701,389,13.0,0.0,8,2023,2023,23080
23080600010702,325,0.0,0.0,5,2023,2023,23080
23080600010801,320,5.0,5.0,9,2023,2023,23080
23080600010901,501,25.0,15.0,33,2023,2023,23080
23080600011001,338,14.0,0.0,10,2023,2023,23080
23080620010001,428,9070.0,1480.0,1489,2023,2023,23080
23080620010002,616,2048.0,432.0,440,2023,2023,23080
23080620010003,322,6693.0,927.0,934,2023,2023,23080
23080620010004,595,428.0,132.0,142,2023,2023,23080
23080620010005,472,272.0,27.0,54,2023,2023,23080
23080620010006,753,206.0,64.0,74,2023,2023,23080
23080620010007,630,168.0,46.0,62,2023,2023,23080
23080620010008,1053,419.0,33.0,48,2023,2023,23080
23080620010101,479,0.0,0.0,8,2023,2023,23080
23080620010102,454,8.0,0.0,11,2023,2023,23080
23080620020001,769,129.0,25.0,39,2023,2023,23080
23080620020002,778,113.0,46.0,50,2023,2023,23080
23080620020003,470,84.0,30.0,40,2023,2023,23080
23080620020004,477,50.0,21.0,37,2023,2023,23080
23080620020005,656,153.0,20.0,32,2023,2023,23080
23080620020006,638,174.0,52.0,60,2023,2023,23080
23080620020007,247,4560.0,578.0,583,2023,2023,23080
23080620020008,344,122.0,44.0,57,2023,2023,23080
23080620020009,534,20.0,13.0,18,2023,2023,23080
23080620020010,641,82.0,21.0,35,2023,2023,23080
23080620020011,601,11.0,0.0,14,2023,2023,23080
23080620020012,611,108.0,47.0,58,2023,2023,23080
23080620020013,395,107.0,20.0,29,2023,2023,23080
23080620020014,450,108.0,0.0,20,2023,2023,23080
23080620020101,467,15.0,0.0,10,2023,2023,23080
23080620020201,361,12.0,0.0,5,2023,2023,23080
23080630010001,751,616.0,184.0,186,2023,2023,23080
23080630010101,323,0.0,0.0,1,2023,2023,23080
23080630010201,637,9.0,9.0,11,2023,2023,23080
23080630010202,619,0.0,0.0,3,2023,2023,23080
23080630010301,483,7.0,0.0,6,2023,2023,23080
23080630010302,557,11.0,6.0,11,2023,2023,23080
23080630010303,370,21.0,10.0,17,2023,2023,23080
23080630020001,602,227.0,87.0,101,2023,2023,23080
23080630020002,337,350.0,41.0,51,2023,2023,23080
23080630020003,511,104.0,15.0,26,2023,2023,23080
23080630020004,109,925.0,367.0,373,2023,2023,23080
23080630020101,539,41.0,12.0,26,2023,2023,23080
23080630020102,565,0.0,0.0,7,2023,2023,23080
23080630020103,544,5.0,0.0,9,2023,2023,23080
23080630020104,444,0.0,0.0,8,2023,2023,23080
23080630020105,366,5.0,5.0,11,2023,2023,23080
23080630020106,567,7.0,7.0,11,2023,2023,23080
23080630020107,443,0.0,0.0,11,2023,2023,23080
23080630020108,534,32.0,9.0,25,2023,2023,23080
23080630020109,478,6.0,0.0,12,2023,2023,23080
23080630020110,451,7.0,0.0,7,2023,2023,23080
23080630020111,524,0.0,0.0,5,2023,2023,23080
23080630020112,406,17.0,0.0,7,2023,2023,23080
23080630020113,503,0.0,0.0,7,2023,2023,23080
23080630020201,511,0.0,0.0,2,2023,2023,23080
23080630020202,505,0.0,0.0,6,2023,2023,23080
23080630020203,540,20.0,0.0,9,2023,2023,23080
23080630020204,538,0.0,0.0,6,2023,2023,23080
23080630020205,547,17.0,8.0,15,2023,2023,23080
23080630020206,544,0.0,0.0,10,2023,2023,23080
23080630020207,395,0.0,0.0,4,2023,2023,23080
23080630020208,509,5.0,0.0,12,2023,2023,23080
23080630020209,524,71.0,14.0,31,2023,2023,23080
23080630020210,417,0.0,0.0,4,2023,2023,23080
23080630020211,404,0.0,0.0,9,2023,2023,23080
23080630020212,434,0.0,0.0,0,2023,2023,23080
23080630020213,534,46.0,0.0,15,2023,2023,23080
23080640010001,363,157.0,30.0,48,2023,2023,23080
23080640020001,796,9400.0,1092.0,1101,2023,2023,23080
23080640020002,683,247.0,39.0,68,2023,2023,23080
23080640020003,488,206.0,46.0,72,2023,2023,23080
23080640020004,490,12.0,6.0,13,2023,2023,23080
23080640020005,610,1231.0,57.0,77,2023,2023,23080
23080640020006,616,72.0,30.0,39,2023,2023,23080
23080640020007,435,171.0,56.0,62,2023,2023,23080
23080640020008,701,108.0,32.0,48,2023,2023,23080
23080640020009,842,57.0,34.0,43,2023,2023,23080
23080640020010,659,463.0,100.0,113,2023,2023,23080
23080640020011,385,135.0,15.0,34,2023,2023,23080
23080640020012,611,145.0,58.0,69,2023,2023,23080
23080640020013,392,76.0,19.0,36,2023,2023,23080
23080640020014,427,232.0,46.0,63,2023,2023,23080
23080640020015,434,425.0,46.0,58,2023,2023,23080
23080640020016,432,43.0,22.0,41,2023,2023,23080
23080640020017,397,141.0,33.0,46,2023,2023,23080
23080640020101,336,0.0,0.0,7,2023,2023,23080
23080640020401,410,0.0,0.0,9,2023,2023,23080
23080640020601,340,0.0,0.0,4,2023,2023,23080
23080640020701,326,6.0,0.0,6,2023,2023,23080
23080640020901,473,0.0,0.0,5,2023,2023,23080
23080640021001,393,0.0,0.0,10,2023,2023,23080
23080640021101,717,16.0,7.0,17,2023,2023,23080
23080640021401,350,0.0,0.0,7,2023,2023,23080
23080640021402,629,54.0,26.0,37,2023,2023,23080
23080640021501,918,24.0,11.0,26,2023,2023,23080
23080640021601,686,74.0,20.0,30,2023,2023,23080
23080640021701,500,0.0,0.0,5,2023,2023,23080
23080650010001,426,3820.0,270.0,282,2023,2023,23080
23080650010002,478,192.0,47.0,65,2023,2023,23080
23080650010003,460,140.0,47.0,62,2023,2023,23080
23080650010004,379,1734.0,350.0,371,2023,2023,23080
23080650010005,405,242.0,55.0,67,2023,2023,23080
23080650010006,491,146.0,41.0,63,2023,2023,23080
23080650010007,430,95.0,39.0,48,2023,2023,23080
23080650010008,641,127.0,82.0,97,2023,2023,23080
23080650010101,353,0.0,0.0,8,2023,2023,23080
23080650010201,357,0.0,0.0,7,2023,2023,23080
23080650010301,579,0.0,0.0,8,2023,2023,23080
23080650010302,540,6.0,0.0,12,2023,2023,23080
23080650010303,371,13.0,0.0,9,2023,2023,23080
23080650010304,513,0.0,0.0,7,2023,2023,23080
23080650010305,450,8.0,5.0,10,2023,2023,23080
23080650010306,477,23.0,6.0,13,2023,2023,23080
23080650010307,367,6.0,0.0,3,2023,2023,23080
23080650010308,559,0.0,0.0,4,2023,2023,23080
23080650010309,618,56.0,28.0,39,2023,2023,23080
23080650010501,470,7.0,0.0,11,2023,2023,23080
23080650010601,0,0.0,0.0,1,2023,2023,23080
23080650010602,0,13.0,0.0,11,2023,2023,23080
23080650010603,0,0.0,0.0,0,2023,2023,23080
23080650010604,1868,7.0,0.0,2,2023,2023,23080
23080650010605,0,0.0,0.0,3,2023,2023,23080
23080650010801,472,0.0,0.0,9,2023,2023,23080
23080730010001,471,216.0,107.0,116,2023,2023,23080
23080730010002,407,167.0,38.0,55,2023,2023,23080
23080730010003,415,108.0,53.0,63,2023,2023,23080
23080730010004,600,21.0,11.0,26,2023,2023,23080
23080730010005,628,175.0,70.0,80,2023,2023,23080
23080730010006,522,0.0,0.0,14,2023,2023,23080
23080730010007,428,213.0,47.0,61,2023,2023,23080
23080730010008,527,37.0,19.0,29,2023,2023,23080
23080730010101,654,21.0,8.0,14,2023,2023,23080
23080730010102,527,7.0,5.0,15,2023,2023,23080
23080730010301,544,5.0,5.0,14,2023,2023,23080
23080730010401,402,12.0,0.0,8,2023,2023,23080
23080730020001,354,88.0,0.0,23,2023,2023,23080
23080730020003,458,713.0,178.0,189,2023,2023,23080
23080730020004,565,30.0,22.0,34,2023,2023,23080
23080730020005,514,189.0,63.0,76,2023,2023,23080
23080730020006,457,86.0,51.0,59,2023,2023,23080
23080730020007,359,13.0,13.0,19,2023,2023,23080
23080730020008,440,32.0,24.0,30,2023,2023,23080
23080730020009,391,86.0,39.0,61,2023,2023,23080
23080730020201,478,67.0,31.0,42,2023,2023,23080
23080730020202,485,7.0,0.0,4,2023,2023,23080
23080730020203,511,0.0,0.0,2,2023,2023,23080
23080730020204,488,5.0,5.0,6,2023,2023,23080
23080730020205,455,16.0,11.0,18,2023,2023,23080
23080730020206,571,0.0,0.0,7,2023,2023,23080
23080730020207,466,0.0,0.0,5,2023,2023,23080
23080730020208,522,9.0,0.0,12,2023,2023,23080
23080730020209,586,8.0,8.0,13,2023,2023,23080
23080730020210,580,15.0,5.0,11,2023,2023,23080
23080730020211,524,0.0,0.0,6,2023,2023,23080
23080730020212,348,0.0,0.0,8,2023,2023,23080
23080730020213,493,30.0,0.0,6,2023,2023,23080
23080730020214,567,6.0,6.0,12,2023,2023,23080
23080730020215,543,68.0,34.0,45,2023,2023,23080
23080730020216,564,34.0,0.0,16,2023,2023,23080
23080730020217,510,7.0,7.0,10,2023,2023,23080
23080730020218,441,13.0,8.0,12,2023,2023,23080
23080730030001,376,6824.0,1211.0,1213,2023,2023,23080
23080730030002,559,91.0,6.0,20,2023,2023,23080
23080730030003,358,328.0,19.0,28,2023,2023,23080
23080730030005,301,9009.0,968.0,980,2023,2023,23080
23080730030006,0,0.0,0.0,0,2023,2023,23080
23080730030009,430,25.0,9.0,24,2023,2023,23080
23080730030010,682,34.0,12.0,29,2023,2023,23080
23080730030011,553,27.0,8.0,15,2023,2023,23080
23080730030012,590,104.0,24.0,43,2023,2023,23080
23080730030013,0,0.0,0.0,0,2023,2023,23080
23080730030014,0,0.0,0.0,0,2023,2023,23080
23080730030101,506,32.0,19.0,28,2023,2023,23080
23080730030102,608,6.0,6.0,19,2023,2023,23080
23080730030103,618,24.0,8.0,20,2023,2023,23080
23080730030104,558,13.0,7.0,17,2023,2023,23080
23080730030105,573,13.0,6.0,13,2023,2023,23080
23080730030106,593,15.0,0.0,10,2023,2023,23080
23080730030201,483,21.0,10.0,22,2023,2023,23080
23080730030202,493,15.0,7.0,14,2023,2023,23080
23080730030203,558,17.0,10.0,24,2023,2023,23080
23080730030204,576,37.0,10.0,16,2023,2023,23080
23080730030301,614,28.0,12.0,19,2023,2023,23080
23080730030302,567,27.0,8.0,20,2023,2023,23080
23080730030303,554,14.0,8.0,14,2023,2023,23080
23080740010001,837,502.0,119.0,136,2023,2023,23080
23080740020001,667,1626.0,449.0,458,2023,2023,23080
23080740020002,659,1957.0,464.0,464,2023,2023,23080
23080740020003,353,123.0,16.0,25,2023,2023,23080
23080740020004,433,2661.0,671.0,676,2023,2023,23080
23080740020101,453,12.0,0.0,14,2023,2023,23080
23080740020102,398,8.0,8.0,14,2023,2023,23080
23080740020201,460,23.0,7.0,10,2023,2023,23080
23080740020202,657,113.0,51.0,71,2023,2023,23080
23080740020203,461,65.0,39.0,48,2023,2023,23080
23080740020204,398,49.0,9.0,25,2023,2023,23080
23080740020205,486,8.0,6.0,17,2023,2023,23080
23080740020301,403,18.0,16.0,18,2023,2023,23080
23080740020302,399,17.0,8.0,15,2023,2023,23080
23080740020401,391,0.0,0.0,5,2023,2023,23080
23080740020402,390,21.0,6.0,14,2023,2023,23080
23080740020501,464,7.0,7.0,9,2023,2023,23080
23080740020502,467,10.0,7.0,10,2023,2023,23080
23080740020503,425,8.0,0.0,7,2023,2023,23080
23080740020601,569,13.0,6.0,15,2023,2023,23080
23080740020701,460,109.0,49.0,67,2023,2023,23080
23080740020702,821,67.0,28.0,41,2023,2023,23080
23080740020703,858,216.0,61.0,81,2023,2023,23080
23080740020801,432,14.0,7.0,9,2023,2023,23080
23080740020802,499,0.0,0.0,13,2023,2023,23080
23080740020803,533,12.0,6.0,11,2023,2023,23080
23080740020804,449,25.0,0.0,13,2023,2023,23080
23080740030001,371,465.0,83.0,90,2023,2023,23080
23080740030101,573,52.0,24.0,35,2023,2023,23080
23080740030102,544,19.0,6.0,19,2023,2023,23080
23080740030103,622,15.0,9.0,13,2023,2023,23080
23080740030104,691,26.0,13.0,20,2023,2023,23080
23080740030105,600,7.0,7.0,11,2023,2023,23080
23080740030201,390,21.0,16.0,22,2023,2023,23080
23080740030202,483,7.0,7.0,10,2023,2023,23080
23080740030203,480,7.0,7.0,10,2023,2023,23080
23080740030204,364,5.0,0.0,8,2023,2023,23080
23080740030205,507,35.0,0.0,16,2023,2023,23080
23080740030206,516,6.0,6.0,8,2023,2023,23080
23080740040001,475,227.0,99.0,111,2023,2023,23080
23080740040002,576,600.0,153.0,164,2023,2023,23080
23080740040101,552,6.0,6.0,11,2023,2023,23080
23080740040102,421,6.0,6.0,11,2023,2023,23080
23080740040103,502,0.0,0.0,9,2023,2023,23080
23080740040104,431,22.0,0.0,16,2023,2023,23080
23080740040105,456,20.0,7.0,15,2023,2023,23080
23080740040201,374,20.0,5.0,18,2023,2023,23080
23080740040202,562,24.0,11.0,15,2023,2023,23080
23080740040203,604,12.0,10.0,16,2023,2023,23080
23080740040301,634,6.0,6.0,16,2023,2023,23080
23080740040302,360,0.0,0.0,11,2023,2023,23080
23080740040303,370,0.0,0.0,7,2023,2023,23080
23080740040304,606,0.0,0.0,7,2023,2023,23080
23080740040305,597,83.0,29.0,38,2023,2023,23080
23080740040401,588,14.0,7.0,11,2023,2023,23080
23080740040402,613,6.0,6.0,14,2023,2023,23080
23080740040403,624,19.0,0.0,17,2023,2023,23080
23080740040404,310,0.0,0.0,5,2023,2023,23080
23080740050001,95,3482.0,770.0,776,2023,2023,23080
23080780010001,387,222.0,89.0,96,2023,2023,23080
23080780010002,397,278.0,72.0,74,2023,2023,23080
23080780010101,432,34.0,5.0,22,2023,2023,23080
23080780010102,422,15.0,0.0,12,2023,2023,23080
23080780010103,464,6.0,6.0,12,2023,2023,23080
23080780010104,474,6.0,6.0,6,2023,2023,23080
23080780010105,535,14.0,8.0,16,2023,2023,23080
23080780010106,456,0.0,0.0,8,2023,2023,23080
23080780010107,449,17.0,5.0,6,2023,2023,23080
23080780010108,542,13.0,0.0,9,2023,2023,23080
23080780020001,328,1402.0,394.0,405,2023,2023,23080
23080780020002,435,147.0,24.0,41,2023,2023,23080
23080780020101,491,8.0,6.0,13,2023,2023,23080
23080780020102,543,24.0,9.0,19,2023,2023,23080
23080780020103,628,20.0,9.0,19,2023,2023,23080
23080780020104,518,29.0,11.0,19,2023,2023,23080
23080780020201,610,23.0,8.0,18,2023,2023,23080
23080780020202,481,8.0,7.0,14,2023,2023,23080
23080780020203,540,37.0,20.0,25,2023,2023,23080
23080780020204,514,13.0,8.0,16,2023,2023,23080
23080780030001,0,70.0,0.0,5,2023,2023,23080
23080780030101,657,26.0,13.0,30,2023,2023,23080
23080780030102,438,7.0,7.0,9,2023,2023,23080
23080780030103,353,0.0,0.0,5,2023,2023,23080
23080780030104,387,5.0,0.0,4,2023,2023,23080
23080780030105,407,0.0,0.0,5,2023,2023,23080
23080780030106,391,6.0,6.0,6,2023,2023,23080
23080780030107,476,5.0,0.0,7,2023,2023,23080
23080780030108,621,28.0,6.0,10,2023,2023,23080
23080780030201,523,0.0,0.0,11,2023,2023,23080
23080780030202,573,16.0,7.0,12,2023,2023,23080
23080780030203,387,5.0,5.0,11,2023,2023,23080
23080780030204,428,7.0,0.0,8,2023,2023,23080
23080780030205,459,29.0,19.0,23,2023,2023,23080
23080780030206,590,5.0,5.0,10,2023,2023,23080
23080780040002,0,416.0,94.0,104,2023,2023,23080
23080780040003,1346,1440.0,561.0,562,2023,2023,23080
23080780040005,1116,840.0,288.0,294,2023,2023,23080
23080780040101,376,0.0,0.0,12,2023,2023,23080
23080780040102,378,0.0,0.0,8,2023,2023,23080
23080780040201,394,192.0,70.0,88,2023,2023,23080
23080780040202,498,0.0,0.0,10,2023,2023,23080
23080780040301,326,11.0,6.0,13,2023,2023,23080
23080780040302,489,5.0,5.0,11,2023,2023,23080
23080780040401,423,42.0,21.0,31,2023,2023,23080
23080780040402,448,19.0,9.0,15,2023,2023,23080
23080780040403,558,122.0,72.0,91,2023,2023,23080
23080780040404,549,144.0,37.0,50,2023,2023,23080
23080780040405,530,19.0,0.0,10,2023,2023,23080
23080780040406,490,7.0,7.0,13,2023,2023,23080
23080780040501,355,0.0,0.0,10,2023,2023,23080
23080780040502,465,5.0,0.0,16,2023,2023,23080
23080780040601,516,31.0,11.0,22,2023,2023,23080
23080780040602,618,13.0,6.0,10,2023,2023,23080
23080780040603,620,16.0,15.0,19,2023,2023,23080
23080780040604,579,116.0,67.0,83,2023,2023,23080
23080780040605,584,10.0,10.0,20,2023,2023,23080
23080780040606,482,22.0,17.0,22,2023,2023,23080
23080780040607,595,28.0,16.0,29,2023,2023,23080
23080780040608,601,23.0,16.0,34,2023,2023,23080
23080780050001,584,131.0,14.0,33,2023,2023,23080
23080780050002,511,179.0,90.0,97,2023,2023,23080
23080780050003,396,433.0,104.0,113,2023,2023,23080
23080780050101,528,0.0,0.0,12,2023,2023,23080
23080780050102,509,27.0,0.0,12,2023,2023,23080
23080780050103,473,0.0,0.0,10,2023,2023,23080
23080780050104,551,7.0,7.0,14,2023,2023,23080
23080780050105,485,9.0,9.0,16,2023,2023,23080
23080780050106,497,19.0,16.0,28,2023,2023,23080
23080780050107,482,5.0,5.0,11,2023,2023,23080
23080780050201,657,14.0,7.0,15,2023,2023,23080
23080780050202,380,0.0,0.0,4,2023,2023,23080
23080780050203,656,25.0,8.0,17,2023,2023,23080
23080780050204,381,39.0,6.0,16,2023,2023,23080
23080780050205,446,20.0,0.0,12,2023,2023,23080
23080780050206,364,7.0,5.0,7,2023,2023,23080
23080780050207,630,24.0,14.0,23,2023,2023,23080
23080780050208,389,8.0,0.0,7,2023,2023,23080
23080780050209,350,5.0,5.0,15,2023,2023,23080
23080780050210,379,0.0,0.0,8,2023,2023,23080
23080780050211,368,5.0,5.0,9,2023,2023,23080
23080780060001,0,143.0,0.0,7,2023,2023,23080
23080780060101,359,6.0,6.0,10,2023,2023,23080
23080780060102,551,24.0,12.0,25,2023,2023,23080
23080780060103,366,8.0,0.0,6,2023,2023,23080
23080780060104,362,0.0,0.0,6,2023,2023,23080
23080780060105,367,5.0,5.0,15,2023,2023,23080
23080780060106,532,13.0,6.0,11,2023,2023,23080
23080780060107,419,87.0,25.0,35,2023,2023,23080
23080780060108,370,12.0,5.0,9,2023,2023,23080
23080780060109,528,23.0,7.0,12,2023,2023,23080
23080780060110,520,10.0,10.0,19,2023,2023,23080
23080780060111,525,0.0,0.0,8,2023,2023,23080
23080780060112,389,7.0,0.0,5,2023,2023,23080
23080780060113,366,0.0,0.0,5,2023,2023,23080
23080780060114,358,15.0,0.0,9,2023,2023,23080
23080780060115,384,14.0,6.0,13,2023,2023,23080
23080780070001,0,388.0,0.0,2,2023,2023,23080
23080780080001,240,189.0,0.0,18,2023,2023,23080
23080790010001,0,93.0,0.0,2,2023,2023,23080
23080790010101,561,23.0,15.0,22,2023,2023,23080
23080790010201,652,15.0,6.0,16,2023,2023,23080
23080790020101,494,6.0,0.0,7,2023,2023,23080
23080790020102,616,55.0,23.0,33,2023,2023,23080
23080790020103,382,5.0,5.0,9,2023,2023,23080
23080790020104,570,15.0,7.0,13,2023,2023,23080
23080790020105,625,12.0,12.0,19,2023,2023,23080
23080790020201,581,6.0,6.0,10,2023,2023,23080
23080790020202,521,9.0,9.0,15,2023,2023,23080
23080790020203,499,23.0,6.0,14,2023,2023,23080
23080790020204,528,5.0,5.0,11,2023,2023,23080
23080790020205,575,20.0,9.0,23,2023,2023,23080
23080790030001,390,181.0,70.0,85,2023,2023,23080
23080790030002,362,358.0,116.0,129,2023,2023,23080
23080790030101,355,7.0,0.0,5,2023,2023,23080
23080790030201,666,11.0,0.0,8,2023,2023,23080
23080790040001,411,143.0,67.0,85,2023,2023,23080
23080790040002,323,117.0,31.0,48,2023,2023,23080
23080790040004,1140,112.0,51.0,66,2023,2023,23080
23080790050101,643,7.0,7.0,13,2023,2023,23080
23080790050102,372,17.0,0.0,9,2023,2023,23080
23080790050103,382,34.0,0.0,6,2023,2023,23080
23080790050104,622,12.0,12.0,15,2023,2023,23080
23080790050105,367,13.0,0.0,10,2023,2023,23080
23080790060101,377,22.0,11.0,20,2023,2023,23080
23080790060102,375,7.0,0.0,6,2023,2023,23080
23080790060103,344,0.0,0.0,9,2023,2023,23080
23080790060104,339,9.0,0.0,10,2023,2023,23080
23080790060105,363,5.0,5.0,11,2023,2023,23080
23080790060106,501,8.0,5.0,7,2023,2023,23080
23080790070001,0,242.0,0.0,2,2023,2023,23080
23080790070101,592,27.0,11.0,26,2023,2023,23080
23080790070201,619,18.0,6.0,14,2023,2023,23080
23080790080001,532,253.0,88.0,103,2023,2023,23080
23080790080002,811,1534.0,99.0,117,2023,2023,23080
23080790080101,377,10.0,7.0,10,2023,2023,23080
23080790080102,378,5.0,5.0,11,2023,2023,23080
23080790080103,428,6.0,6.0,11,2023,2023,23080
23080790080104,596,40.0,12.0,24,2023,2023,23080
23080790080201,546,16.0,7.0,14,2023,2023,23080
23080790080202,553,15.0,9.0,17,2023,2023,23080
23080790080203,573,20.0,11.0,19,2023,2023,23080
23080790090001,311,1872.0,60.0,78,2023,2023,23080
23080790100001,362,0.0,0.0,8,2023,2023,23080
23080790100002,423,540.0,12.0,31,2023,2023,23080
23080790100003,452,812.0,119.0,131,2023,2023,23080
23080790100004,313,127.0,34.0,44,2023,2023,23080
23080790100005,875,327.0,162.0,167,2023,2023,23080
23080790100006,446,123.0,7.0,21,2023,2023,23080
23080790100007,534,175.0,21.0,38,2023,2023,23080
23080790100008,257,890.0,30.0,44,2023,2023,23080
23080790100009,1180,751.0,272.0,279,2023,2023,23080
23080790100101,611,16.0,9.0,14,2023,2023,23080
23080790100201,412,18.0,9.0,15,2023,2023,23080
23080790100202,434,12.0,7.0,14,2023,2023,23080
23080790100301,582,13.0,7.0,9,2023,2023,23080
23080790100302,414,11.0,5.0,15,2023,2023,23080
23080790100303,669,11.0,11.0,26,2023,2023,23080
23080790100304,610,49.0,18.0,29,2023,2023,23080
23080790100305,383,6.0,6.0,13,2023,2023,23080
23080790100306,562,25.0,12.0,25,2023,2023,23080
23080790100307,662,16.0,9.0,18,2023,2023,23080
23080790100308,376,0.0,0.0,5,2023,2023,23080
23080790100401,595,38.0,17.0,28,2023,2023,23080
23080790100402,412,6.0,0.0,10,2023,2023,23080
23080790100501,820,46.0,16.0,26,2023,2023,23080
23080790100502,552,49.0,30.0,46,2023,2023,23080
23080790100503,541,17.0,6.0,17,2023,2023,23080
23080800010001,387,2385.0,374.0,387,2023,2023,23080
23080800010002,430,276.0,63.0,82,2023,2023,23080
23080800010003,504,470.0,133.0,144,2023,2023,23080
23080800010004,519,0.0,0.0,5,2023,2023,23080
23080800010005,553,1480.0,318.0,335,2023,2023,23080
23080800010006,385,154.0,0.0,16,2023,2023,23080
23080800010007,492,660.0,213.0,228,2023,2023,23080
23080800010008,465,81.0,15.0,33,2023,2023,23080
23080800010009,408,348.0,120.0,136,2023,2023,23080
23080800010010,536,51.0,23.0,36,2023,2023,23080
23080800010011,475,42.0,22.0,28,2023,2023,23080
23080800010012,601,169.0,81.0,104,2023,2023,23080
23080800010013,455,74.0,24.0,35,2023,2023,23080
23080800010014,354,276.0,74.0,89,2023,2023,23080
23080800010015,499,30.0,17.0,20,2023,2023,23080
23080800010016,409,6.0,6.0,15,2023,2023,23080
23080800010017,445,14.0,0.0,10,2023,2023,23080
23080800010018,606,15.0,12.0,26,2023,2023,23080
23080800010019,438,77.0,6.0,17,2023,2023,23080
23080800010020,523,5.0,5.0,12,2023,2023,23080
23080800010021,439,603.0,225.0,242,2023,2023,23080
23080800010022,514,13.0,8.0,18,2023,2023,23080
23080800010023,443,77.0,7.0,16,2023,2023,23080
23080800010024,450,53.0,27.0,47,2023,2023,23080
23080800010025,581,80.0,7.0,20,2023,2023,23080
23080800010026,387,317.0,95.0,105,2023,2023,23080
23080800010027,568,53.0,31.0,40,2023,2023,23080
23080800010028,372,6.0,6.0,12,2023,2023,23080
23080800010201,380,5.0,0.0,14,2023,2023,23080
23080800010202,373,8.0,8.0,16,2023,2023,23080
23080800010301,440,13.0,6.0,10,2023,2023,23080
23080800010401,578,19.0,8.0,16,2023,2023,23080
23080800010402,542,20.0,7.0,18,2023,2023,23080
23080800010601,366,17.0,10.0,21,2023,2023,23080
23080800010602,450,12.0,7.0,15,2023,2023,23080
23080800010701,355,0.0,0.0,5,2023,2023,23080
23080800010702,420,6.0,5.0,14,2023,2023,23080
23080800010801,586,46.0,22.0,38,2023,2023,23080
23080800010802,427,42.0,5.0,18,2023,2023,23080
23080800010901,367,12.0,7.0,13,2023,2023,23080
23080800010902,427,40.0,14.0,30,2023,2023,23080
23080800011001,502,7.0,0.0,8,2023,2023,23080
23080800011002,426,0.0,0.0,5,2023,2023,23080
23080800011201,553,0.0,0.0,14,2023,2023,23080
23080800011301,366,0.0,0.0,7,2023,2023,23080
23080800011401,502,0.0,0.0,5,2023,2023,23080
23080800011701,400,0.0,0.0,3,2023,2023,23080
23080800011702,405,5.0,0.0,7,2023,2023,23080
23080800011703,519,23.0,11.0,22,2023,2023,23080
23080800011801,628,13.0,6.0,25,2023,2023,23080
23080800011901,550,7.0,0.0,11,2023,2023,23080
23080800011902,445,35.0,10.0,22,2023,2023,23080
23080800012001,604,12.0,5.0,19,2023,2023,23080
23080800012201,431,0.0,0.0,7,2023,2023,23080
23080800012301,595,22.0,10.0,21,2023,2023,23080
23080800012302,410,25.0,0.0,15,2023,2023,23080
23080800012303,331,0.0,0.0,6,2023,2023,23080
23080800012401,558,12.0,0.0,14,2023,2023,23080
23080800012402,543,9.0,8.0,14,2023,2023,23080
23080800012403,553,49.0,11.0,24,2023,2023,23080
23080800012501,474,17.0,7.0,15,2023,2023,23080
23080800012502,518,14.0,0.0,14,2023,2023,23080
23080800012701,498,36.0,9.0,22,2023,2023,23080
23080800012702,460,15.0,9.0,16,2023,2023,23080
23080800012703,592,6.0,6.0,9,2023,2023,23080
23080800012801,538,5.0,0.0,14,2023,2023,23080
23080800012802,426,6.0,6.0,12,2023,2023,23080
23080800013001,382,0.0,0.0,2,2023,2023,23080
23080800013002,351,0.0,0.0,10,2023,2023,23080
23080800020101,664,18.0,11.0,20,2023,2023,23080
23080800020102,535,13.0,9.0,17,2023,2023,23080
23080810010001,407,1084.0,247.0,266,2023,2023,23080
23080810010002,109,120.0,9.0,21,2023,2023,23080
23080810010003,361,791.0,215.0,230,2023,2023,23080
23080810010101,337,15.0,9.0,15,2023,2023,23080
23080810020001,443,486.0,161.0,168,2023,2023,23080
23080810020002,524,258.0,10.0,29,2023,2023,23080
23080810020003,614,299.0,99.0,121,2023,2023,23080
23080810020004,397,62.0,14.0,26,2023,2023,23080
23080810020005,529,199.0,90.0,106,2023,2023,23080
23080810020006,408,28.0,15.0,39,2023,2023,23080
23080810020101,536,38.0,24.0,31,2023,2023,23080
23080810020102,664,0.0,0.0,9,2023,2023,23080
23080810020103,484,14.0,7.0,15,2023,2023,23080
23080810020201,550,57.0,11.0,33,2023,2023,23080
23080810020202,614,14.0,8.0,13,2023,2023,23080
23080810020203,470,20.0,7.0,14,2023,2023,23080
23080810020301,474,30.0,7.0,23,2023,2023,23080
23080810020302,440,0.0,0.0,3,2023,2023,23080
23080810020303,610,21.0,8.0,18,2023,2023,23080
23080810020401,486,0.0,0.0,13,2023,2023,23080
23080810020402,609,12.0,7.0,15,2023,2023,23080
23080810020403,461,21.0,9.0,15,2023,2023,23080
23080810020404,404,0.0,0.0,9,2023,2023,23080
23080810020405,464,14.0,0.0,17,2023,2023,23080
23080810020406,499,9.0,9.0,16,2023,2023,23080
23080810020407,421,7.0,7.0,16,2023,2023,23080
23080810020408,495,18.0,0.0,12,2023,2023,23080
23080810020409,503,39.0,10.0,23,2023,2023,23080
23080810020501,376,0.0,0.0,7,2023,2023,23080
23080810020601,392,0.0,0.0,6,2023,2023,23080
23080810020602,484,17.0,11.0,17,2023,2023,23080
23080810020603,467,5.0,0.0,9,2023,2023,23080
23080810020701,300,5.0,0.0,8,2023,2023,23080
23080810021001,493,22.0,7.0,16,2023,2023,23080
23080810021002,428,22.0,9.0,17,2023,2023,23080
23080810021003,549,0.0,0.0,6,2023,2023,23080
23080810021401,562,9.0,9.0,14,2023,2023,23080
23080810021402,646,12.0,5.0,17,2023,2023,23080
23080810021501,458,0.0,0.0,7,2023,2023,23080
23080810021502,527,6.0,0.0,11,2023,2023,23080
23080810021503,423,24.0,13.0,21,2023,2023,23080
23080810021601,407,15.0,9.0,13,2023,2023,23080
23080810021602,468,15.0,6.0,18,2023,2023,23080
23080810021603,439,5.0,5.0,8,2023,2023,23080
23080810021701,562,21.0,6.0,18,2023,2023,23080
23080810021702,379,12.0,0.0,6,2023,2023,23080
23080810021703,445,0.0,0.0,8,2023,2023,23080
23080810021801,718,26.0,19.0,35,2023,2023,23080
23080840010001,376,344.0,69.0,80,2023,2023,23080
23080840010002,0,8.0,0.0,2,2023,2023,23080
23080840010101,588,0.0,0.0,11,2023,2023,23080
23080840010102,526,6.0,0.0,8,2023,2023,23080
23080840010103,586,27.0,7.0,23,2023,2023,23080
23080840010104,568,10.0,5.0,7,2023,2023,23080
23080840010201,470,42.0,11.0,20,2023,2023,23080
23080840010202,411,8.0,8.0,13,2023,2023,23080
23080840010203,462,177.0,73.0,83,2023,2023,23080
23080840010301,382,23.0,0.0,10,2023,2023,23080
23080840010302,378,22.0,8.0,21,2023,2023,23080
23080840010303,513,9.0,9.0,15,2023,2023,23080
23080840010401,607,7.0,7.0,17,2023,2023,23080
23080840010501,555,28.0,11.0,17,2023,2023,23080
23080840010502,472,0.0,0.0,6,2023,2023,23080
23080840020001,221,782.0,203.0,211,2023,2023,23080
23080840020101,0,0.0,0.0,0,2023,2023,23080
23080840020201,602,16.0,0.0,17,2023,2023,23080
23080840020202,614,8.0,8.0,14,2023,2023,23080
23080840020203,369,0.0,0.0,8,2023,2023,23080
23080840030002,468,1572.0,545.0,549,2023,2023,23080
23080840030003,341,126.0,32.0,38,2023,2023,23080
23080840030101,404,16.0,5.0,10,2023,2023,23080
23080840030102,444,0.0,0.0,7,2023,2023,23080
23080840030201,623,59.0,26.0,30,2023,2023,23080
23080840030202,485,20.0,5.0,10,2023,2023,23080
23080840030301,391,9.0,0.0,10,2023,2023,23080
23080840030302,543,5.0,5.0,16,2023,2023,23080
23080840030401,498,5.0,0.0,15,2023,2023,23080
23080840030402,471,8.0,0.0,6,2023,2023,23080
23080840030501,468,0.0,0.0,6,2023,2023,23080
23080840030502,394,6.0,6.0,20,2023,2023,23080
23080840030503,392,54.0,8.0,22,2023,2023,23080
23080840040001,464,44.0,13.0,20,2023,2023,23080
23080840040002,467,959.0,243.0,248,2023,2023,23080
23080840040003,408,1097.0,296.0,304,2023,2023,23080
23080840040004,502,8.0,8.0,17,2023,2023,23080
23080840040005,596,80.0,25.0,40,2023,2023,23080
23080840040006,467,11.0,0.0,14,2023,2023,23080
23080840040101,528,11.0,0.0,7,2023,2023,23080
23080840040102,535,6.0,6.0,8,2023,2023,23080
23080840040103,441,0.0,0.0,5,2023,2023,23080
23080840040104,560,13.0,5.0,12,2023,2023,23080
23080840040105,497,31.0,12.0,24,2023,2023,23080
23080840040106,405,14.0,0.0,8,2023,2023,23080
23080840050001,389,1635.0,354.0,366,2023,2023,23080
23080840050002,407,1909.0,281.0,297,2023,2023,23080
23080840050003,396,386.0,85.0,102,2023,2023,23080
23080840050004,398,2010.0,367.0,385,2023,2023,23080
23080840050005,376,7078.0,599.0,615,2023,2023,23080
23080840050006,371,6269.0,673.0,686,2023,2023,23080
23080840050007,430,2995.0,303.0,310,2023,2023,23080
23080840050008,440,2034.0,519.0,524,2023,2023,23080
23080840050009,370,2633.0,296.0,310,2023,2023,23080
23080840050010,0,0.0,0.0,0,2023,2023,23080
23080840050201,506,8.0,8.0,14,2023,2023,23080
23080840050202,631,15.0,14.0,18,2023,2023,23080
23080840050301,563,7.0,7.0,14,2023,2023,23080
23080840050401,451,23.0,10.0,14,2023,2023,23080
23080840050402,470,11.0,0.0,15,2023,2023,23080
23080850010001,485,2227.0,455.0,467,2023,2023,23080
23080850010002,485,11.0,0.0,13,2023,2023,23080
23080850010003,445,94.0,6.0,18,2023,2023,23080
23080850010004,457,16.0,7.0,16,2023,2023,23080
23080850010101,413,5.0,5.0,11,2023,2023,23080
23080850010102,498,7.0,7.0,13,2023,2023,23080
23080850010103,517,14.0,5.0,9,2023,2023,23080
23080850010104,566,28.0,8.0,16,2023,2023,23080
23080850010105,457,0.0,0.0,6,2023,2023,23080
23080850010106,408,0.0,0.0,8,2023,2023,23080
23080850010107,473,30.0,7.0,13,2023,2023,23080
23080850010108,449,116.0,23.0,34,2023,2023,23080
23080850010201,469,37.0,10.0,23,2023,2023,23080
23080850010202,547,27.0,0.0,12,2023,2023,23080
23080850010203,463,13.0,8.0,16,2023,2023,23080
23080850010204,470,7.0,0.0,6,2023,2023,23080
23080850010205,456,0.0,0.0,8,2023,2023,23080
23080850010206,527,5.0,5.0,11,2023,2023,23080
23080850010301,364,25.0,14.0,25,2023,2023,23080
23080850010302,467,5.0,5.0,11,2023,2023,23080
23080850010401,537,16.0,8.0,13,2023,2023,23080
23080850010402,680,19.0,13.0,21,2023,2023,23080
23080850010501,565,12.0,6.0,13,2023,2023,23080
23080850010502,512,0.0,0.0,8,2023,2023,23080
23080850010503,565,8.0,8.0,10,2023,2023,23080
23080850010504,440,31.0,12.0,23,2023,2023,23080
23080850010601,394,19.0,0.0,11,2023,2023,23080
23080850010602,384,0.0,0.0,8,2023,2023,23080
23080850010603,551,6.0,6.0,9,2023,2023,23080
23080850010701,433,0.0,0.0,0,2023,2023,23080
23080850010702,501,6.0,0.0,4,2023,2023,23080
23080850010703,419,12.0,0.0,4,2023,2023,23080
23080850010704,346,20.0,0.0,4,2023,2023,23080
23080850010705,345,0.0,0.0,0,2023,2023,23080
23080850010706,483,0.0,0.0,0,2023,2023,23080
23080850010801,555,12.0,6.0,13,2023,2023,23080
23080850010802,611,20.0,12.0,21,2023,2023,23080
23080850020001,573,27.0,11.0,19,2023,2023,23080
23080850020002,409,500.0,91.0,114,2023,2023,23080
23080850020003,711,99.0,9.0,25,2023,2023,23080
23080850020004,505,228.0,45.0,71,2023,2023,23080
23080850020005,90,0.0,0.0,5,2023,2023,23080
23080850020006,652,1014.0,114.0,125,2023,2023,23080
23080850020007,414,14.0,6.0,13,2023,2023,23080
23080850020008,671,0.0,0.0,11,2023,2023,23080
23080850020009,356,21.0,10.0,13,2023,2023,23080
23080850020010,845,209.0,17.0,32,2023,2023,23080
23080850020011,661,9.0,9.0,20,2023,2023,23080
23080850020101,513,6.0,0.0,11,2023,2023,23080
23080850020102,533,0.0,0.0,5,2023,2023,23080
23080850020103,376,0.0,0.0,8,2023,2023,23080
23080850020104,359,60.0,26.0,29,2023,2023,23080
23080850020201,586,11.0,5.0,13,2023,2023,23080
23080850020202,568,60.0,17.0,35,2023,2023,23080
23080850020301,484,51.0,27.0,34,2023,2023,23080
23080850020302,406,19.0,8.0,13,2023,2023,23080
23080850020303,386,0.0,0.0,5,2023,2023,23080
23080860010001,37,336.0,15.0,33,2023,2023,23080
23080860010002,278,1360.0,304.0,311,2023,2023,23080
23080860010003,569,577.0,135.0,150,2023,2023,23080
23080860010004,335,601.0,141.0,151,2023,2023,23080
23080860010005,553,5.0,0.0,10,2023,2023,23080
23080860010006,468,5.0,5.0,11,2023,2023,23080
23080860010007,427,12.0,12.0,21,2023,2023,23080
23080860010008,589,138.0,39.0,65,2023,2023,23080
23080860010009,0,73.0,0.0,2,2023,2023,23080
23080860010101,400,0.0,0.0,5,2023,2023,23080
23080860010102,441,13.0,6.0,13,2023,2023,23080
23080860010103,503,24.0,7.0,16,2023,2023,23080
23080860010201,379,6.0,6.0,8,2023,2023,23080
23080860010301,597,23.0,13.0,16,2023,2023,23080
23080860010302,421,8.0,0.0,13,2023,2023,23080
23080860010303,579,104.0,22.0,40,2023,2023,23080
23080860010304,593,19.0,11.0,17,2023,2023,23080
23080860010305,531,5.0,0.0,6,2023,2023,23080
23080860010306,549,6.0,6.0,14,2023,2023,23080
23080860010401,468,7.0,7.0,14,2023,2023,23080
23080860010402,381,0.0,0.0,11,2023,2023,23080
23080860010403,474,5.0,5.0,9,2023,2023,23080
23080860010501,440,5.0,0.0,5,2023,2023,23080
23080860010502,650,33.0,7.0,21,2023,2023,23080
23080860010601,450,29.0,11.0,21,2023,2023,23080
23080860010602,472,21.0,13.0,21,2023,2023,23080
23080860010603,533,16.0,9.0,20,2023,2023,23080
23080860010604,416,7.0,7.0,16,2023,2023,23080
23080860010605,419,5.0,0.0,11,2023,2023,23080
23080860010606,416,12.0,12.0,16,2023,2023,23080
23080860010607,474,33.0,8.0,18,2023,2023,23080
23080860010701,547,16.0,9.0,26,2023,2023,23080
23080860010801,458,8.0,6.0,12,2023,2023,23080
23080860010802,504,5.0,5.0,9,2023,2023,23080
23080860010803,450,28.0,7.0,23,2023,2023,23080
23080860010804,535,63.0,34.0,43,2023,2023,23080
23080860010805,484,0.0,0.0,10,2023,2023,23080
23080860010806,446,14.0,0.0,4,2023,2023,23080
23080860010901,314,5.0,0.0,6,2023,2023,23080
23080860010902,409,10.0,10.0,16,2023,2023,23080
23080860020001,761,560.0,203.0,210,2023,2023,23080
23080860020101,431,14.0,6.0,13,2023,2023,23080
23080860020102,512,7.0,7.0,18,2023,2023,23080
23080860020103,512,40.0,8.0,28,2023,2023,23080
23080860020201,604,8.0,8.0,19,2023,2023,23080
23080860020202,406,38.0,11.0,23,2023,2023,23080
23080870010001,427,190.0,20.0,27,2023,2023,23080
23080870010002,718,147.0,51.0,57,2023,2023,23080
23080870010003,491,213.0,62.0,79,2023,2023,23080
23080870010004,473,188.0,52.0,58,2023,2023,23080
23080870010005,457,112.0,39.0,47,2023,2023,23080
23080870010006,598,34.0,5.0,22,2023,2023,23080
23080870010007,504,52.0,12.0,22,2023,2023,23080
23080870010008,417,1382.0,423.0,430,2023,2023,23080
23080870010101,820,20.0,6.0,21,2023,2023,23080
23080870010201,412,35.0,5.0,14,2023,2023,23080
23080870010202,452,0.0,0.0,5,2023,2023,23080
23080870010301,620,6.0,0.0,6,2023,2023,23080
23080870010302,530,15.0,8.0,17,2023,2023,23080
23080870010401,521,0.0,0.0,7,2023,2023,23080
23080870010402,555,0.0,0.0,10,2023,2023,23080
23080870010403,500,15.0,8.0,19,2023,2023,23080
23080870010404,569,42.0,16.0,27,2023,2023,23080
23080870010405,459,0.0,0.0,2,2023,2023,23080
23080870020001,546,128.0,6.0,23,2023,2023,23080
23080870020002,506,71.0,0.0,20,2023,2023,23080
23080870020003,292,1514.0,439.0,446,2023,2023,23080
23080870020004,520,10.0,10.0,17,2023,2023,23080
23080870020005,474,37.0,14.0,20,2023,2023,23080
23080870020006,461,77.0,0.0,14,2023,2023,23080
23080870020007,563,9.0,9.0,20,2023,2023,23080
23080870020101,0,0.0,0.0,0,2023,2023,23080
23080870020102,0,0.0,0.0,0,2023,2023,23080
23080870020103,0,0.0,0.0,0,2023,2023,23080
23080870020104,0,0.0,0.0,2,2023,2023,23080
23080870020201,491,22.0,9.0,18,2023,2023,23080
23080870020202,533,11.0,8.0,20,2023,2023,23080
23080870020301,450,21.0,6.0,16,2023,2023,23080
23080870020302,421,6.0,6.0,12,2023,2023,23080
23080870020303,414,5.0,0.0,7,2023,2023,23080
23080870020401,527,31.0,14.0,27,2023,2023,23080
23080870020402,430,0.0,0.0,8,2023,2023,23080
23080870020403,567,22.0,14.0,23,2023,2023,23080
23080870020404,512,14.0,8.0,14,2023,2023,23080
23080870020405,517,7.0,7.0,11,2023,2023,23080
23080870020406,579,11.0,6.0,22,2023,2023,23080
23080870020407,571,25.0,11.0,20,2023,2023,23080
23080870020408,564,5.0,5.0,7,2023,2023,23080
23080870020409,538,6.0,6.0,13,2023,2023,23080
23080870020501,564,16.0,15.0,29,2023,2023,23080
23080870020502,419,17.0,0.0,11,2023,2023,23080
23080870020503,473,13.0,6.0,14,2023,2023,23080
23080870020504,531,25.0,11.0,21,2023,2023,23080
23080870020505,614,11.0,11.0,19,2023,2023,23080
23080880010002,68,3491.0,990.0,995,2023,2023,23080
23080880010003,0,0.0,0.0,0,2023,2023,23080
23080880010101,0,0.0,0.0,0,2023,2023,23080
23080880010102,0,0.0,0.0,0,2023,2023,23080
23080880010103,0,0.0,0.0,0,2023,2023,23080
23080880010201,543,20.0,7.0,12,2023,2023,23080
23080880010202,517,5.0,5.0,7,2023,2023,23080
23080880010203,567,14.0,14.0,20,2023,2023,23080
23080880010204,554,0.0,0.0,6,2023,2023,23080
23080880010205,574,19.0,6.0,13,2023,2023,23080
23080880010206,480,27.0,19.0,25,2023,2023,23080
23080880010301,569,25.0,13.0,22,2023,2023,23080
23080880010302,344,0.0,0.0,6,2023,2023,23080
23080880010303,456,12.0,7.0,10,2023,2023,23080
23080880010304,552,5.0,5.0,6,2023,2023,23080
23080880010305,623,0.0,0.0,6,2023,2023,23080
23080880010306,549,5.0,5.0,12,2023,2023,23080
23080880010307,576,58.0,23.0,28,2023,2023,23080
23080880010401,678,28.0,5.0,13,2023,2023,23080
23080880010402,635,0.0,0.0,4,2023,2023,23080
23080880010403,350,0.0,0.0,5,2023,2023,23080
23080880010404,343,0.0,0.0,3,2023,2023,23080
23080880010405,585,57.0,25.0,35,2023,2023,23080
23080880010406,676,5.0,5.0,8,2023,2023,23080
23080880010407,661,22.0,0.0,9,2023,2023,23080
23080880010408,349,5.0,0.0,8,2023,2023,23080
23080880010501,617,0.0,0.0,5,2023,2023,23080
23080880010502,489,23.0,11.0,17,2023,2023,23080
23080880010503,556,9.0,0.0,5,2023,2023,23080
23080880010504,498,0.0,0.0,6,2023,2023,23080
23080880010505,475,0.0,0.0,8,2023,2023,23080
23080880010506,579,20.0,0.0,7,2023,2023,23080
23080880010507,624,0.0,0.0,6,2023,2023,23080
23080880010508,354,16.0,0.0,4,2023,2023,23080
23080880010509,345,0.0,0.0,5,2023,2023,23080
23080880010601,511,0.0,0.0,10,2023,2023,23080
23080880010602,530,43.0,8.0,17,2023,2023,23080
23080880010603,507,0.0,0.0,6,2023,2023,23080
23080880010604,432,10.0,0.0,13,2023,2023,23080
23080880010605,442,8.0,0.0,3,2023,2023,23080
23080880010701,529,7.0,0.0,6,2023,2023,23080
23080880010702,390,0.0,0.0,2,2023,2023,23080
23080880010703,460,0.0,0.0,4,2023,2023,23080
23080880010704,509,20.0,0.0,9,2023,2023,23080
23080880010705,574,0.0,0.0,2,2023,2023,23080
23080880010706,394,7.0,0.0,3,2023,2023,23080
23080880010707,403,0.0,0.0,2,2023,2023,23080
23080880010708,404,31.0,10.0,18,2023,2023,23080
23080880010709,448,5.0,0.0,6,2023,2023,23080
23080880010801,425,10.0,0.0,5,2023,2023,23080
23080880010802,454,20.0,0.0,5,2023,2023,23080
23080880010803,600,25.0,11.0,19,2023,2023,23080
23080880010804,473,0.0,0.0,4,2023,2023,23080
23080880010901,453,6.0,0.0,8,2023,2023,23080
23080880010902,610,99.0,14.0,24,2023,2023,23080
23080880010903,638,7.0,0.0,9,2023,2023,23080
23080880010904,369,7.0,0.0,1,2023,2023,23080
23080880010905,591,13.0,6.0,13,2023,2023,23080
23080880010906,650,13.0,0.0,9,2023,2023,23080
23080880010907,568,9.0,9.0,14,2023,2023,23080
23080880020001,47,686.0,77.0,82,2023,2023,23080
23080880020002,0,162.0,0.0,1,2023,2023,23080
23080880020201,0,0.0,0.0,1,2023,2023,23080
23080880020202,0,0.0,0.0,0,2023,2023,23080
23080880020203,0,0.0,0.0,0,2023,2023,23080
23080880020301,157,0.0,0.0,0,2023,2023,23080
23080880020302,117,0.0,0.0,0,2023,2023,23080
23080880020303,153,0.0,0.0,0,2023,2023,23080
23080880020304,139,0.0,0.0,0,2023,2023,23080
23080880020305,99,0.0,0.0,0,2023,2023,23080
23080880020306,134,0.0,0.0,0,2023,2023,23080
23080880020307,190,0.0,0.0,2,2023,2023,23080
23080880020308,107,0.0,0.0,0,2023,2023,23080
23080880020309,114,0.0,0.0,0,2023,2023,23080
23080880020401,402,0.0,0.0,4,2023,2023,23080
23080880020402,514,0.0,0.0,5,2023,2023,23080
23080880020403,466,6.0,0.0,3,2023,2023,23080
23080880020404,576,46.0,11.0,22,2023,2023,23080
23080880020501,436,12.0,0.0,5,2023,2023,23080
23080880020502,402,11.0,0.0,1,2023,2023,23080
23080880020503,433,6.0,0.0,6,2023,2023,23080
23080880020504,376,0.0,0.0,4,2023,2023,23080
23080880020505,465,5.0,5.0,7,2023,2023,23080
23080880020506,447,21.0,0.0,12,2023,2023,23080
23080880020601,599,14.0,7.0,11,2023,2023,23080
23080880020602,531,45.0,27.0,36,2023,2023,23080
23080880020603,558,12.0,6.0,16,2023,2023,23080
23080880020604,440,8.0,0.0,9,2023,2023,23080
23080880020605,573,10.0,10.0,18,2023,2023,23080
23080880020606,555,48.0,20.0,33,2023,2023,23080
23080880020701,538,5.0,0.0,5,2023,2023,23080
23080880020702,502,0.0,0.0,9,2023,2023,23080
23080880020703,398,0.0,0.0,5,2023,2023,23080
23080880020704,507,38.0,17.0,19,2023,2023,23080
23080880020705,612,26.0,5.0,16,2023,2023,23080
23080880020706,549,7.0,0.0,9,2023,2023,23080
23080880020707,602,14.0,0.0,9,2023,2023,23080
23080880020801,507,33.0,29.0,35,2023,2023,23080
23080880020802,475,0.0,0.0,3,2023,2023,23080
23080880020803,389,21.0,8.0,12,2023,2023,23080
23080880020804,473,0.0,0.0,7,2023,2023,23080
23080880020901,462,0.0,0.0,3,2023,2023,23080
23080880020902,405,7.0,0.0,8,2023,2023,23080
23080880021001,527,8.0,0.0,2,2023,2023,23080
23080880021002,552,0.0,0.0,3,2023,2023,23080
23080880021003,460,0.0,0.0,0,2023,2023,23080
23080880021004,532,0.0,0.0,1,2023,2023,23080
23080880021101,425,6.0,6.0,9,2023,2023,23080
23080880021102,597,27.0,16.0,23,2023,2023,23080
23080880021103,320,8.0,5.0,7,2023,2023,23080
23080880021104,586,15.0,0.0,12,2023,2023,23080
23080880021105,607,8.0,0.0,6,2023,2023,23080
23080880021201,565,5.0,5.0,15,2023,2023,23080
23080880021202,565,6.0,6.0,12,2023,2023,23080
23080880021203,500,19.0,0.0,12,2023,2023,23080
23080880021204,584,21.0,10.0,19,2023,2023,23080
23080880021205,557,13.0,0.0,8,2023,2023,23080
23080880021301,470,6.0,0.0,3,2023,2023,23080
23080880021302,462,16.0,0.0,10,2023,2023,23080
23080880021303,331,0.0,0.0,3,2023,2023,23080
23080880021401,351,0.0,0.0,3,2023,2023,23080
23080880021402,515,28.0,6.0,14,2023,2023,23080
23080880021403,336,73.0,33.0,42,2023,2023,23080
23080880021404,352,0.0,0.0,6,2023,2023,23080
23080880021405,327,7.0,0.0,7,2023,2023,23080
23080880021501,501,0.0,0.0,3,2023,2023,23080
23080880021502,383,0.0,0.0,4,2023,2023,23080
23080880021503,162,17.0,0.0,5,2023,2023,23080
23080880021504,474,11.0,0.0,4,2023,2023,23080
23080880021601,616,5.0,5.0,12,2023,2023,23080
23080880021602,526,0.0,0.0,7,2023,2023,23080
23080880021603,611,34.0,5.0,13,2023,2023,23080
23080880021701,408,29.0,6.0,12,2023,2023,23080
23080880021702,575,31.0,0.0,15,2023,2023,23080
23080880021703,557,0.0,0.0,8,2023,2023,23080
23080880021704,379,0.0,0.0,9,2023,2023,23080
23080880021801,368,0.0,0.0,1,2023,2023,23080
23080880021802,364,8.0,0.0,5,2023,2023,23080
23080880021803,326,9.0,0.0,2,2023,2023,23080
23080880021901,594,8.0,0.0,8,2023,2023,23080
23080880021902,524,18.0,0.0,9,2023,2023,23080
23080880022001,527,10.0,0.0,4,2023,2023,23080
23080880022002,558,14.0,0.0,11,2023,2023,23080
